hierarchy	codingscheme	affiliation	battledimension	status	functionid	name	remarks
GRDTRK 	S	*	G	*	------	GROUND TRACK
GRDTRK.UNT 	S	*	G	*	U-----	UNIT
GRDTRK.UNT.CBT 	S	*	G	*	UC----	COMBAT
GRDTRK.UNT.CBT.ADF 	S	*	G	*	UCD---	AIR DEFENSE
GRDTRK.UNT.CBT.ADF.SHTR 	S	*	G	*	UCDS--	SHORT RANGE
GRDTRK.UNT.CBT.ADF.SHTR.CPL 	S	*	G	*	UCDSC-	CHAPARRAL
GRDTRK.UNT.CBT.ADF.SHTR.STG 	S	*	G	*	UCDSS-	STINGER
GRDTRK.UNT.CBT.ADF.SHTR.VUL 	S	*	G	*	UCDSV-	VULCAN
GRDTRK.UNT.CBT.ADF.MSL 	S	*	G	*	UCDM--	AIR DEFENSE MISSILE
GRDTRK.UNT.CBT.ADF.MSL.LIT 	S	*	G	*	UCDML-	AIR DEFENSE MISSILE LIGHT
GRDTRK.UNT.CBT.ADF.MSL.LIT.MOT 	S	*	G	*	UCDMLA	AIR DEFENSE MISSILE MOTORIZED (AVENGER)
GRDTRK.UNT.CBT.ADF.MSL.MDM 	S	*	G	*	UCDMM-	AIR DEFENSE MISSILE MEDIUM
GRDTRK.UNT.CBT.ADF.MSL.HVY 	S	*	G	*	UCDMH-	AIR DEFENSE MISSILE HEAVY
GRDTRK.UNT.CBT.ADF.MSL.HMAD 	S	*	G	*	UCDH--	H/MAD
GRDTRK.UNT.CBT.ADF.MSL.HMAD.HWK 	S	*	G	*	UCDHH-	HAWK
GRDTRK.UNT.CBT.ADF.MSL.HMAD.PATT 	S	*	G	*	UCDHP-	PATRIOT
GRDTRK.UNT.CBT.ADF.GUNUNT 	S	*	G	*	UCDG--	GUN UNIT
GRDTRK.UNT.CBT.ADF.CMPS 	S	*	G	*	UCDC--	COMPOSITE
GRDTRK.UNT.CBT.ADF.TGTGUT 	S	*	G	*	UCDT--	TARGETING UNIT
GRDTRK.UNT.CBT.ADF.TMDU 	S	*	G	*	UCDO--	THEATER MISSILE DEFENSE UNIT
GRDTRK.UNT.CBT.ARM 	S	*	G	*	UCA---	ARMOR
GRDTRK.UNT.CBT.ARM.TRK 	S	*	G	*	UCAT--	ARMOR TRACK
GRDTRK.UNT.CBT.ARM.TRK.ABN 	S	*	G	*	UCATA-	ARMOR TRACK AIRBORNE
GRDTRK.UNT.CBT.ARM.TRK.AMP 	S	*	G	*	UCATW-	ARMOR TRACK AMPHIBIOUS
GRDTRK.UNT.CBT.ARM.TRK.AMP.RCY 	S	*	G	*	UCAT	WR	ARMOR TRACK AMPHIBIOUS RECOVERY
GRDTRK.UNT.CBT.ARM.TRK.LIT 	S	*	G	*	UCATL-	ARMOR TRACK, LIGHT
GRDTRK.UNT.CBT.ARM.TRK.MDM 	S	*	G	*	UCATM-	ARMOR TRACK, MEDIUM
GRDTRK.UNT.CBT.ARM.TRK.HVY 	S	*	G	*	UCATH-	ARMOR TRACK, HEAVY
GRDTRK.UNT.CBT.ARM.TRK.RCY 	S	*	G	*	UCATR-	ARMOR TRACK, RECOVERY
GRDTRK.UNT.CBT.ARM.WHD 	S	*	G	*	UCAW--	ARMOR, WHEELED
GRDTRK.UNT.CBT.ARM.WHD.AAST 	S	*	G	*	UCAWS-	ARMOR, WHEELED AIR ASSAULT
GRDTRK.UNT.CBT.ARM.WHD.ABN 	S	*	G	*	UCAWA-	ARMOR, WHEELED AIRBORNE
GRDTRK.UNT.CBT.ARM.WHD.AMP 	S	*	G	*	UCAWW-	ARMOR, WHEELED AMPHIBIOUS
GRDTRK.UNT.CBT.ARM.WHD.AMP.RCY 	S	*	G	*	UCAW	WR	ARMOR, WHEELED AMPHIBIOUS RECOVERY
GRDTRK.UNT.CBT.ARM.WHD.LIT 	S	*	G	*	UCAWL-	ARMOR, WHEELED LIGHT
GRDTRK.UNT.CBT.ARM.WHD.MDM 	S	*	G	*	UCAWM-	ARMOR, WHEELED MEDIUM
GRDTRK.UNT.CBT.ARM.WHD.HVY 	S	*	G	*	UCAWH-	ARMOR, WHEELED HEAVY
GRDTRK.UNT.CBT.ARM.WHD.RCY 	S	*	G	*	UCAWR-	ARMOR, WHEELED RECOVERY
GRDTRK.UNT.CBT.AARM 	S	*	G	*	UCAA--	ANTIARMOR
GRDTRK.UNT.CBT.AARM.DMD 	S	*	G	*	UCAAD-	ANTIARMOR DISMOUNTED
GRDTRK.UNT.CBT.AARM.LIT 	S	*	G	*	UCAAL-	ANTIARMOR LIGHT
GRDTRK.UNT.CBT.AARM.ABN 	S	*	G	*	UCAAM-	ANTIARMOR AIRBORNE
GRDTRK.UNT.CBT.AARM.AAST 	S	*	G	*	UCAAS-	ANTIARMOR AIR ASSAULT
GRDTRK.UNT.CBT.AARM.MNT 	S	*	G	*	UCAAU-	ANTIARMOR MOUNTAIN
GRDTRK.UNT.CBT.AARM.ARC 	S	*	G	*	UCAAC-	ANTIARMOR ARCTIC
GRDTRK.UNT.CBT.AARM.ARMD 	S	*	G	*	UCAAA-	ANTIARMOR ARMORED
GRDTRK.UNT.CBT.AARM.ARMD.TKD 	S	*	G	*	UCAAAT	ANTIARMOR ARMORED TRACKED
GRDTRK.UNT.CBT.AARM.ARMD.WHD 	S	*	G	*	UCAAAW	ANTIARMOR ARMORED WHEELED
GRDTRK.UNT.CBT.AARM.ARMD.AAST 	S	*	G	*	UCAAAS	ANTIARMOR ARMORED AIR ASSAULT
GRDTRK.UNT.CBT.AARM.MOT 	S	*	G	*	UCAAO-	ANTIARMOR MOTORIZED
GRDTRK.UNT.CBT.AARM.MOT.AAST 	S	*	G	*	UCAAOS	ANTIARMOR MOTORIZED AIR ASSAULT
GRDTRK.UNT.CBT.AVN 	S	*	G	*	UCV---	AVIATION
GRDTRK.UNT.CBT.AVN.FIXD 	S	*	G	*	UCVF--	FIXED WING
GRDTRK.UNT.CBT.AVN.FIXD.UTY 	S	*	G	*	UCVFU-	UTILITY FIXED WING
GRDTRK.UNT.CBT.AVN.FIXD.ATK 	S	*	G	*	UCVFA-	ATTACK FIXED WING
GRDTRK.UNT.CBT.AVN.FIXD.RECON 	S	*	G	*	UCVFR-	RECON FIXED WING
GRDTRK.UNT.CBT.AVN.ROT 	S	*	G	*	UCVR--	ROTARY WING
GRDTRK.UNT.CBT.AVN.ROT.ATK 	S	*	G	*	UCVRA-	ATTACK ROTARY WING
GRDTRK.UNT.CBT.AVN.ROT.SCUT 	S	*	G	*	UCVRS-	SCOUT ROTARY WING
GRDTRK.UNT.CBT.AVN.ROT.ASBW 	S	*	G	*	UCVRW-	ANTISUBMARINE WARFARE ROTARY WING
GRDTRK.UNT.CBT.AVN.ROT.UTY 	S	*	G	*	UCVRU-	UTILITY ROTARY WING
GRDTRK.UNT.CBT.AVN.ROT.UTY.LIT 	S	*	G	*	UCVRUL	LIGHT UTILITY ROTARY WING
GRDTRK.UNT.CBT.AVN.ROT.UTY.MDM 	S	*	G	*	UCVRUM	MEDIUM UTILITY ROTARY WING
GRDTRK.UNT.CBT.AVN.ROT.UTY.HVY 	S	*	G	*	UCVRUH	HEAVY UTILITY ROTARY WING
GRDTRK.UNT.CBT.AVN.ROT.C2 	S	*	G	*	UCVRUC	C2 ROTARY WING
GRDTRK.UNT.CBT.AVN.ROT.MEDV 	S	*	G	*	UCVRUE	MEDEVAC ROTARY WING
GRDTRK.UNT.CBT.AVN.ROT.MNECM 	S	*	G	*	UCVRM-	MINE COUNTERMEASURE ROTARY WING
GRDTRK.UNT.CBT.AVN.SAR 	S	*	G	*	UCVS--	SEARCH AND RESCUE
GRDTRK.UNT.CBT.AVN.CMPS 	S	*	G	*	UCVC--	COMPOSITE
GRDTRK.UNT.CBT.AVN.VSTOL 	S	*	G	*	UCVV--	VERTICAL AND/OR SHORT TAKEOFF AND LANDING AIRCRAFT(V/STOL)
GRDTRK.UNT.CBT.AVN.UA 	S	*	G	*	UCVU--	UNMANNED AIRCRAFT
GRDTRK.UNT.CBT.AVN.UA.FIXD 	S	*	G	*	UCVUF-	UNMANNED AIRCRAFT FIXED WING
GRDTRK.UNT.CBT.AVN.UA.ROT 	S	*	G	*	UCVUR-	UNMANNED AIRCRAFT ROTARY WING
GRDTRK.UNT.CBT.INF 	S	*	G	*	UCI---	INFANTRY
GRDTRK.UNT.CBT.INF.LIT 	S	*	G	*	UCIL--	INFANTRY LIGHT
GRDTRK.UNT.CBT.INF.MOT 	S	*	G	*	UCIM--	INFANTRY MOTORIZED
GRDTRK.UNT.CBT.INF.MNT 	S	*	G	*	UCIO--	INFANTRY MOUNTAIN
GRDTRK.UNT.CBT.INF.ABN 	S	*	G	*	UCIA--	INFANTRY AIRBORNE
GRDTRK.UNT.CBT.INF.AAST 	S	*	G	*	UCIS--	INFANTRY AIR ASSAULT
GRDTRK.UNT.CBT.INF.MECH 	S	*	G	*	UCIZ--	INFANTRY MECHANIZED
GRDTRK.UNT.CBT.INF.NAV 	S	*	G	*	UCIN--	INFANTRY NAVAL
GRDTRK.UNT.CBT.INF.INFFV 	S	*	G	*	UCII--	INFANTRY FIGHTING VEHICLE
GRDTRK.UNT.CBT.INF.ARC 	S	*	G	*	UCIC--	INFANTRY ARCTIC
GRDTRK.UNT.CBT.ENG 	S	*	G	*	UCE---	ENGINEER
GRDTRK.UNT.CBT.ENG.CBT 	S	*	G	*	UCEC--	ENGINEER COMBAT
GRDTRK.UNT.CBT.ENG.CBT.AAST 	S	*	G	*	UCECS-	ENGINEER COMBAT AIR ASSAULT
GRDTRK.UNT.CBT.ENG.CBT.ABN 	S	*	G	*	UCECA-	ENGINEER COMBAT AIRBORNE
GRDTRK.UNT.CBT.ENG.CBT.ARC 	S	*	G	*	UCECC-	ENGINEER COMBAT ARCTIC
GRDTRK.UNT.CBT.ENG.CBT.LIT 	S	*	G	*	UCECL-	ENGINEER COMBAT LIGHT (SAPPER)
GRDTRK.UNT.CBT.ENG.CBT.MDM 	S	*	G	*	UCECM-	ENGINEER COMBAT MEDIUM
GRDTRK.UNT.CBT.ENG.CBT.HVY 	S	*	G	*	UCECH-	ENGINEER COMBAT HEAVY
GRDTRK.UNT.CBT.ENG.CBT.MECH 	S	*	G	*	UCECT-	ENGINEER COMBAT MECHANIZED (TRACK)
GRDTRK.UNT.CBT.ENG.CBT.MOT 	S	*	G	*	UCECW-	ENGINEER COMBAT MOTORIZED
GRDTRK.UNT.CBT.ENG.CBT.MNT 	S	*	G	*	UCECO-	ENGINEER COMBAT MOUNTAIN
GRDTRK.UNT.CBT.ENG.CBT.RECON 	S	*	G	*	UCECR-	ENGINEER COMBAT RECON
GRDTRK.UNT.CBT.ENG.CSN 	S	*	G	*	UCEN--	ENGINEER CONSTRUCTION
GRDTRK.UNT.CBT.ENG.CSN.NAV 	S	*	G	*	UCENN-	ENGINEER NAVAL CONSTRUCTION
GRDTRK.UNT.CBT.FLDART 	S	*	G	*	UCF---	FIELD ARTILLERY
GRDTRK.UNT.CBT.FLDART.HOW 	S	*	G	*	UCFH--	HOWITZER/GUN
GRDTRK.UNT.CBT.FLDART.HOW.SPD 	S	*	G	*	UCFHE-	SELF-PROPELLED
GRDTRK.UNT.CBT.FLDART.HOW.AAST 	S	*	G	*	UCFHS-	AIR ASSAULT
GRDTRK.UNT.CBT.FLDART.HOW.ABN 	S	*	G	*	UCFHA-	AIRBORNE
GRDTRK.UNT.CBT.FLDART.HOW.ARC 	S	*	G	*	UCFHC-	ARCTIC
GRDTRK.UNT.CBT.FLDART.HOW.MNT 	S	*	G	*	UCFHO-	MOUNTAIN
GRDTRK.UNT.CBT.FLDART.HOW.LIT 	S	*	G	*	UCFHL-	LIGHT
GRDTRK.UNT.CBT.FLDART.HOW.MDM 	S	*	G	*	UCFHM-	MEDIUM
GRDTRK.UNT.CBT.FLDART.HOW.HVY 	S	*	G	*	UCFHH-	HEAVY
GRDTRK.UNT.CBT.FLDART.HOW.AMP 	S	*	G	*	UCFHX-	AMPHIBIOUS
GRDTRK.UNT.CBT.FLDART.ROC 	S	*	G	*	UCFR--	ROCKET
GRDTRK.UNT.CBT.FLDART.ROC.SRL 	S	*	G	*	UCFRS-	SINGLE ROCKET LAUNCHER
GRDTRK.UNT.CBT.FLDART.ROC.SRL.SRSPD 	S	*	G	*	UCFRSS	SINGLE ROCKET SELF-PROPELLED
GRDTRK.UNT.CBT.FLDART.ROC.SRL.SRTRK 	S	*	G	*	UCFRSR	SINGLE ROCKET TRUCK
GRDTRK.UNT.CBT.FLDART.ROC.SRL.SRTOW 	S	*	G	*	UCFRST	SINGLE ROCKET TOWED
GRDTRK.UNT.CBT.FLDART.ROC.MRL 	S	*	G	*	UCFRM-	MULTIPLE ROCKET LAUNCHER
GRDTRK.UNT.CBT.FLDART.ROC.MRL.MRSPD 	S	*	G	*	UCFRMS	MULTIPLE ROCKET SELF-PROPELLED
GRDTRK.UNT.CBT.FLDART.ROC.MRL.MRTRK 	S	*	G	*	UCFRMR	MULTIPLE ROCKET TRUCK
GRDTRK.UNT.CBT.FLDART.ROC.MRL.MRTOW 	S	*	G	*	UCFRMT	MULTIPLE ROCKET TOWED
GRDTRK.UNT.CBT.FLDART.TGTAQ 	S	*	G	*	UCFT--	TARGET ACQUISITION
GRDTRK.UNT.CBT.FLDART.TGTAQ.RAD 	S	*	G	*	UCFTR-	RADAR
GRDTRK.UNT.CBT.FLDART.TGTAQ.SND 	S	*	G	*	UCFTS-	SOUND
GRDTRK.UNT.CBT.FLDART.TGTAQ.FLH 	S	*	G	*	UCFTF-	FLASH (OPTICAL)
GRDTRK.UNT.CBT.FLDART.TGTAQ.CLT 	S	*	G	*	UCFTC-	COLT/FIST
GRDTRK.UNT.CBT.FLDART.TGTAQ.CLT.DMD 	S	*	G	*	UCFTCD	DISMOUNTED COLT/FIST
GRDTRK.UNT.CBT.FLDART.TGTAQ.CLT.TKD 	S	*	G	*	UCFTCM	TRACKED COLT/FIST
GRDTRK.UNT.CBT.FLDART.TGTAQ.ANG 	S	*	G	*	UCFTA-	ANGLICO
GRDTRK.UNT.CBT.FLDART.MORT 	S	*	G	*	UCFM--	MORTAR
GRDTRK.UNT.CBT.FLDART.MORT.SPDTRK 	S	*	G	*	UCFMS-	SELF-PROPELLED (SP) TRACKED MORTAR
GRDTRK.UNT.CBT.FLDART.MORT.SPDWHD 	S	*	G	*	UCFMW-	SP WHEELED MORTAR
GRDTRK.UNT.CBT.FLDART.MORT.TOW 	S	*	G	*	UCFMT-	TOWED MORTAR
GRDTRK.UNT.CBT.FLDART.MORT.TOW.ABN 	S	*	G	*	UCFMTA	TOWED AIRBORNE MORTAR
GRDTRK.UNT.CBT.FLDART.MORT.TOW.AAST 	S	*	G	*	UCFMTS	TOWED AIR ASSAULT MORTAR
GRDTRK.UNT.CBT.FLDART.MORT.TOW.ARC 	S	*	G	*	UCFMTC	TOWED ARCTIC MORTAR
GRDTRK.UNT.CBT.FLDART.MORT.TOW.MNT 	S	*	G	*	UCFMTO	TOWED MOUNTAIN MORTAR
GRDTRK.UNT.CBT.FLDART.MORT.AMP 	S	*	G	*	UCFML-	AMPHIBIOUS MORTAR
GRDTRK.UNT.CBT.FLDART.ARTSVY 	S	*	G	*	UCFS--	ARTILLERY SURVEY
GRDTRK.UNT.CBT.FLDART.ARTSVY.AAST 	S	*	G	*	UCFSS-	AIR ASSAULT
GRDTRK.UNT.CBT.FLDART.ARTSVY.ABN 	S	*	G	*	UCFSA-	AIRBORNE
GRDTRK.UNT.CBT.FLDART.ARTSVY.LIT 	S	*	G	*	UCFSL-	LIGHT
GRDTRK.UNT.CBT.FLDART.ARTSVY.MNT 	S	*	G	*	UCFSO-	MOUNTAIN
GRDTRK.UNT.CBT.FLDART.METO 	S	*	G	*	UCFO--	METEOROLOGICAL
GRDTRK.UNT.CBT.FLDART.METO.AAST 	S	*	G	*	UCFOS-	AIR ASSAULT METEOROLOGICAL
GRDTRK.UNT.CBT.FLDART.METO.ABN 	S	*	G	*	UCFOA-	AIRBORNE METEOROLOGICAL
GRDTRK.UNT.CBT.FLDART.METO.LIT 	S	*	G	*	UCFOL-	LIGHT METEOROLOGICAL
GRDTRK.UNT.CBT.FLDART.METO.MNT 	S	*	G	*	UCFOO-	MOUNTAIN METEOROLOGICAL
GRDTRK.UNT.CBT.RECON 	S	*	G	*	UCR---	RECONNAISSANCE
GRDTRK.UNT.CBT.RECON.HRE 	S	*	G	*	UCRH--	RECONNAISSANCE HORSE
GRDTRK.UNT.CBT.RECON.CVY 	S	*	G	*	UCRV--	RECONNAISSANCE CAVALRY
GRDTRK.UNT.CBT.RECON.CVY.ARMD 	S	*	G	*	UCRVA-	RECONNAISSANCE CAVALRY ARMORED
GRDTRK.UNT.CBT.RECON.CVY.MOT 	S	*	G	*	UCRVM-	RECONNAISSANCE CAVALRY MOTORIZED
GRDTRK.UNT.CBT.RECON.CVY.GRD 	S	*	G	*	UCRVG-	RECONNAISSANCE CAVALRY GROUND
GRDTRK.UNT.CBT.RECON.CVY.AIR 	S	*	G	*	UCRVO-	RECONNAISSANCE CAVALRY AIR
GRDTRK.UNT.CBT.RECON.ARC 	S	*	G	*	UCRC--	RECONNAISSANCE ARCTIC
GRDTRK.UNT.CBT.RECON.AAST 	S	*	G	*	UCRS--	RECONNAISSANCE AIR ASSAULT
GRDTRK.UNT.CBT.RECON.ABN 	S	*	G	*	UCRA--	RECONNAISSANCE AIRBORNE
GRDTRK.UNT.CBT.RECON.MNT 	S	*	G	*	UCRO--	RECONNAISSANCE MOUNTAIN
GRDTRK.UNT.CBT.RECON.LIT 	S	*	G	*	UCRL--	RECONNAISSANCE LIGHT
GRDTRK.UNT.CBT.RECON.MAR 	S	*	G	*	UCRR--	RECONNAISSANCE MARINE
GRDTRK.UNT.CBT.RECON.MAR.DIV 	S	*	G	*	UCRRD-	RECONNAISSANCE MARINE DIVISION
GRDTRK.UNT.CBT.RECON.MAR.FOR 	S	*	G	*	UCRRF-	RECONNAISSANCE MARINE FORCE
GRDTRK.UNT.CBT.RECON.MAR.LAR 	S	*	G	*	UCRRL-	RECONNAISSANCE MARINE LIGHT ARMORED RECONNAISSNACE (LAR)
GRDTRK.UNT.CBT.RECON.LRS 	S	*	G	*	UCRX--	RECONNAISSANCE LONG RANGE SURVEILLANCE (LRS)
GRDTRK.UNT.CBT.MSL 	S	*	G	*	UCM---	MISSILE (SURF-SURF)
GRDTRK.UNT.CBT.MSL.TAC 	S	*	G	*	UCMT--	MISSILE (SURF-SURF) TACTICAL
GRDTRK.UNT.CBT.MSL.STGC 	S	*	G	*	UCMS--	MISSILE (SURF-SURF) STRATEGIC
GRDTRK.UNT.CBT.ISF 	S	*	G	*	UCS---	INTERNAL SECURITY FORCES
GRDTRK.UNT.CBT.ISF.RIV 	S	*	G	*	UCSW--	RIVERINE
GRDTRK.UNT.CBT.ISF.GRD 	S	*	G	*	UCSG--	GROUND
GRDTRK.UNT.CBT.ISF.GRD.DMD 	S	*	G	*	UCSGD-	DISMOUNTED GROUND
GRDTRK.UNT.CBT.ISF.GRD.MOT 	S	*	G	*	UCSGM-	MOTORIZED GROUND
GRDTRK.UNT.CBT.ISF.GRD.MECH 	S	*	G	*	UCSGA-	MECHANIZED GROUND
GRDTRK.UNT.CBT.ISF.WHMECH 	S	*	G	*	UCSM--	WHEELED MECHANIZED
GRDTRK.UNT.CBT.ISF.RALRD 	S	*	G	*	UCSR--	RAILROAD
GRDTRK.UNT.CBT.ISF.AVN 	S	*	G	*	UCSA--	AVIATION
GRDTRK.UNT.CS 	S	*	G	*	UU----	COMBAT SUPPORT
GRDTRK.UNT.CS.CBRN 	S	*	G	*	UUA---	COMBAT SUPPORT CBRN
GRDTRK.UNT.CS.CBRN.CML 	S	*	G	*	UUAC--	CHEMICAL
GRDTRK.UNT.CS.CBRN.CML.SMKDEC 	S	*	G	*	UUACC-	SMOKE/DECON
GRDTRK.UNT.CS.CBRN.CML.SMKDEC.MECH 	S	*	G	*	UUACCK	MECHANIZED SMOKE/DECON
GRDTRK.UNT.CS.CBRN.CML.SMKDEC.MOT 	S	*	G	*	UUACCM	MOTORIZED SMOKE/DECON
GRDTRK.UNT.CS.CBRN.CML.SMK 	S	*	G	*	UUACS-	SMOKE
GRDTRK.UNT.CS.CBRN.CML.SMK.MOT 	S	*	G	*	UUACSM	MOTORIZED SMOKE
GRDTRK.UNT.CS.CBRN.CML.SMK.ARM 	S	*	G	*	UUACSA	ARMOR SMOKE
GRDTRK.UNT.CS.CBRN.CML.RECON 	S	*	G	*	UUACR-	CHEMICAL RECON
GRDTRK.UNT.CS.CBRN.CML.RECON.WARMVH 	S	*	G	*	UUACRW	CHEMICAL WHEELED ARMORED VEHICLE
GRDTRK.UNT.CS.CBRN.CML.RECON.WAVS 	S	*	G	*	UUACRS	CHEMICAL WHEELED ARMORED VEHICLE RECONNAISSANCE 
GRDTRK.UNT.CS.CBRN.NUC 	S	*	G	*	UUAN--	NUCLEAR
GRDTRK.UNT.CS.CBRN.BIO 	S	*	G	*	UUAB--	BIOLOGICAL
GRDTRK.UNT.CS.CBRN.BIO.RECEQP 	S	*	G	*	UUABR-	RECON EQUIPPED
GRDTRK.UNT.CS.CBRN.DECON 	S	*	G	*	UUAD--	DECONTAMINATION
GRDTRK.UNT.CS.MILINT 	S	*	G	*	UUM---	MILITARY INTELLIGENCE
GRDTRK.UNT.CS.MILINT.AEREXP 	S	*	G	*	UUMA--	AERIAL EXPLOITATION
GRDTRK.UNT.CS.MILINT.SIGINT 	S	*	G	*	UUMS--	SIGNAL INTELLIGENCE (SIGINT)
GRDTRK.UNT.CS.MILINT.SIGINT.ECW 	S	*	G	*	UUMSE-	ELECTRONIC WARFARE
GRDTRK.UNT.CS.MILINT.SIGINT.ECW.ARMWVH 	S	*	G	*	UUMSEA	ARMORED WHEELED VEHICLE
GRDTRK.UNT.CS.MILINT.SIGINT.ECW.DFN 	S	*	G	*	UUMSED	DIRECTION FINDING
GRDTRK.UNT.CS.MILINT.SIGINT.ECW.INC 	S	*	G	*	UUMSEI	INTERCEPT
GRDTRK.UNT.CS.MILINT.SIGINT.ECW.JMG 	S	*	G	*	UUMSEJ	JAMMING
GRDTRK.UNT.CS.MILINT.SIGINT.ECW.THT 	S	*	G	*	UUMSET	THEATER
GRDTRK.UNT.CS.MILINT.SIGINT.ECW.CRP 	S	*	G	*	UUMSEC	CORPS
GRDTRK.UNT.CS.MILINT.CINT 	S	*	G	*	UUMC--	COUNTERINTELLIGENCE
GRDTRK.UNT.CS.MILINT.SVL 	S	*	G	*	UUMR--	SURVEILLANCE
GRDTRK.UNT.CS.MILINT.SVL.GRDSR 	S	*	G	*	UUMRG-	GROUND SURVEILLANCE RADAR
GRDTRK.UNT.CS.MILINT.SVL.SNS 	S	*	G	*	UUMRS-	SENSOR
GRDTRK.UNT.CS.MILINT.SVL.SNS.SCM 	S	*	G	*	UUMRSS	SENSOR SCM
GRDTRK.UNT.CS.MILINT.SVL.GRDSM 	S	*	G	*	UUMRX-	GROUND STATION MODULE
GRDTRK.UNT.CS.MILINT.SVL.METO 	S	*	G	*	UUMMO-	METEOROLOGICAL
GRDTRK.UNT.CS.MILINT.OPN 	S	*	G	*	UUMO--	OPERATIONS
GRDTRK.UNT.CS.MILINT.TACEXP 	S	*	G	*	UUMT--	TACTICAL EXPLOIT
GRDTRK.UNT.CS.MILINT.INTGN 	S	*	G	*	UUMQ--	INTERROGATION
GRDTRK.UNT.CS.MILINT.JINTCT 	S	*	G	*	UUMJ--	JOINT INTELLIGENCE CENTER
GRDTRK.UNT.CS.LAWENU 	S	*	G	*	UUL---	LAW ENFORCEMENT UNIT
GRDTRK.UNT.CS.LAWENU.SHRPAT 	S	*	G	*	UULS--	SHORE PATROL
GRDTRK.UNT.CS.LAWENU.MILP 	S	*	G	*	UULM--	MILITARY POLICE
GRDTRK.UNT.CS.LAWENU.CLE 	S	*	G	*	UULC--	CIVILIAN LAW ENFORCEMENT
GRDTRK.UNT.CS.LAWENU.SECPOL 	S	*	G	*	UULF--	SECURITY POLICE (AIR)
GRDTRK.UNT.CS.LAWENU.CID 	S	*	G	*	UULD--	CENTRAL INTELLIGENCE DIVISION (CID)
GRDTRK.UNT.CS.SIGUNT 	S	*	G	*	UUS---	SIGNAL UNIT
GRDTRK.UNT.CS.SIGUNT.ARA 	S	*	G	*	UUSA--	AREA
GRDTRK.UNT.CS.SIGUNT.COMCP 	S	*	G	*	UUSC--	COMMUNICATION CONFIGURED PACKAGE
GRDTRK.UNT.CS.SIGUNT.COMCP.LCCP 	S	*	G	*	UUSCL-	LARGE COMMUNICATION CONFIGURED PACKAGE (LCCP)
GRDTRK.UNT.CS.SIGUNT.CMDOPN 	S	*	G	*	UUSO--	COMMAND OPERATIONS
GRDTRK.UNT.CS.SIGUNT.FWDCOM 	S	*	G	*	UUSF--	FORWARD COMMUNICATIONS
GRDTRK.UNT.CS.SIGUNT.MSE 	S	*	G	*	UUSM--	MULTIPLE SUBSCRIBER ELEMENT
GRDTRK.UNT.CS.SIGUNT.MSE.SEN 	S	*	G	*	UUSMS-	SMALL EXTENSION NODE
GRDTRK.UNT.CS.SIGUNT.MSE.LEN 	S	*	G	*	UUSML-	LARGE EXTENSION NODE
GRDTRK.UNT.CS.SIGUNT.MSE.NODCTR 	S	*	G	*	UUSMN-	NODE CENTER
GRDTRK.UNT.CS.SIGUNT.RDOUNT 	S	*	G	*	UUSR--	RADIO UNIT
GRDTRK.UNT.CS.SIGUNT.RDOUNT.TACSAT 	S	*	G	*	UUSRS-	TACTICAL SATELLITE
GRDTRK.UNT.CS.SIGUNT.RDOUNT.TTYCTR 	S	*	G	*	UUSRT-	TELETYPE CENTER
GRDTRK.UNT.CS.SIGUNT.RDOUNT.RLY 	S	*	G	*	UUSRW-	RELAY
GRDTRK.UNT.CS.SIGUNT.SIGSUP 	S	*	G	*	UUSS--	SIGNAL SUPPORT
GRDTRK.UNT.CS.SIGUNT.PHOSWT 	S	*	G	*	UUSW--	TELEPHONE SWITCH
GRDTRK.UNT.CS.SIGUNT.ECRG 	S	*	G	*	UUSX--	ELECTRONIC RANGING
GRDTRK.UNT.CS.IWU 	S	*	G	*	UUI---	INFORMATION WARFARE UNIT
GRDTRK.UNT.CS.LNDSUP 	S	*	G	*	UUP---	LANDING SUPPORT
GRDTRK.UNT.CS.EOD 	S	*	G	*	UUE---	EXPLOSIVE ORDNANCE DISPOSAL
GRDTRK.UNT.CSS 	S	*	G	*	US----	COMBAT SERVICE SUPPORT
GRDTRK.UNT.CSS.ADMIN 	S	*	G	*	USA---	ADMINISTRATIVE (ADMIN)
GRDTRK.UNT.CSS.ADMIN.THT 	S	*	G	*	USAT--	ADMIN THEATER
GRDTRK.UNT.CSS.ADMIN.CRP 	S	*	G	*	USAC--	ADMIN CORPS
GRDTRK.UNT.CSS.ADMIN.JAG 	S	*	G	*	USAJ--	JUDGE ADVOCATE GENERAL (JAG)
GRDTRK.UNT.CSS.ADMIN.JAG.THT 	S	*	G	*	USAJ	T-	JAG THEATER
GRDTRK.UNT.CSS.ADMIN.JAG.CRP 	S	*	G	*	USAJ	C-	JAG CORPS
GRDTRK.UNT.CSS.ADMIN.PST 	S	*	G	*	USAO--	POSTAL
GRDTRK.UNT.CSS.ADMIN.PST.THT 	S	*	G	*	USAOT-	POSTAL THEATER
GRDTRK.UNT.CSS.ADMIN.PST.CRP 	S	*	G	*	USAOC-	POSTAL CORPS
GRDTRK.UNT.CSS.ADMIN.FIN 	S	*	G	*	USAF--	FINANCE
GRDTRK.UNT.CSS.ADMIN.FIN.THT 	S	*	G	*	USAFT-	FINANCE THEATER
GRDTRK.UNT.CSS.ADMIN.FIN.CRP 	S	*	G	*	USAFC-	FINANCE CORPS
GRDTRK.UNT.CSS.ADMIN.PERSVC 	S	*	G	*	USAS--	PERSONNEL SERVICES
GRDTRK.UNT.CSS.ADMIN.PERSVC.THT 	S	*	G	*	USAST-	PERSONNEL THEATER
GRDTRK.UNT.CSS.ADMIN.PERSVC.CRP 	S	*	G	*	USASC-	PERSONNEL CORPS
GRDTRK.UNT.CSS.ADMIN.MTRY 	S	*	G	*	USAM--	MORTUARY/GRAVES REGISTRY
GRDTRK.UNT.CSS.ADMIN.MTRY.THT 	S	*	G	*	USAMT-	MORTUARY/GRAVES REGISTRY THEATER
GRDTRK.UNT.CSS.ADMIN.MTRY.CRP 	S	*	G	*	USAMC-	MORTUARY/GRAVES REGISTRY CORPS
GRDTRK.UNT.CSS.ADMIN.RELG 	S	*	G	*	USAR--	RELIGIOUS/CHAPLAIN
GRDTRK.UNT.CSS.ADMIN.RELG.THT 	S	*	G	*	USART-	RELIGIOUS/CHAPLAIN THEATER
GRDTRK.UNT.CSS.ADMIN.RELG.CRP 	S	*	G	*	USARC-	RELIGIOUS/CHAPLAIN CORPS
GRDTRK.UNT.CSS.ADMIN.PUBAFF 	S	*	G	*	USAP--	PUBLIC AFFAIRS
GRDTRK.UNT.CSS.ADMIN.PUBAFF.THT 	S	*	G	*	USAPT-	PUBLIC AFFAIRS THEATER
GRDTRK.UNT.CSS.ADMIN.PUBAFF.CRP 	S	*	G	*	USAPC-	PUBLIC AFFAIRS CORPS
GRDTRK.UNT.CSS.ADMIN.PUBAFF.BRCT 	S	*	G	*	USAPB-	PUBLIC AFFAIRS BROADCAST
GRDTRK.UNT.CSS.ADMIN.PUBAFF.BRCT.THT 	S	*	G	*	USAPBT	PUBLIC AFFAIRS BROADCAST THEATER
GRDTRK.UNT.CSS.ADMIN.PUBAFF.BRCT.CRP 	S	*	G	*	USAPBC	PUBLIC AFFAIRS BROADCAST CORPS
GRDTRK.UNT.CSS.ADMIN.PUBAFF.JIB 	S	*	G	*	USAPM-	PUBLIC AFFAIRS JOINT INFORMATION BUREAU (JIB)
GRDTRK.UNT.CSS.ADMIN.PUBAFF.JIB.THT 	S	*	G	*	USAPMT	PUBLIC AFFAIRS JIB THEATER
GRDTRK.UNT.CSS.ADMIN.PUBAFF.JIB.CRP 	S	*	G	*	USAPMC	PUBLIC AFFAIRS JIB CORPS
GRDTRK.UNT.CSS.ADMIN.RHU 	S	*	G	*	USAX--	REPLACEMENT HOLDING UNIT (RHU)
GRDTRK.UNT.CSS.ADMIN.RHU.THT 	S	*	G	*	USAXT-	RHU THEATER
GRDTRK.UNT.CSS.ADMIN.RHU.CRP 	S	*	G	*	USAXC-	RHU CORPS
GRDTRK.UNT.CSS.ADMIN.LBR 	S	*	G	*	USAL--	LABOR
GRDTRK.UNT.CSS.ADMIN.LBR.THT 	S	*	G	*	USALT-	LABOR THEATER
GRDTRK.UNT.CSS.ADMIN.LBR.CRP 	S	*	G	*	USALC-	LABOR CORPS
GRDTRK.UNT.CSS.ADMIN.MWR 	S	*	G	*	USAW--	MORALE, WELFARE, RECREATION (MWR)
GRDTRK.UNT.CSS.ADMIN.MWR.THT 	S	*	G	*	USAWT-	MWR THEATER
GRDTRK.UNT.CSS.ADMIN.MWR.CRP 	S	*	G	*	USAWC-	MWR CORPS
GRDTRK.UNT.CSS.ADMIN.SUPPLY 	S	*	G	*	USAQ--	QUARTERMASTER (SUPPLY)
GRDTRK.UNT.CSS.ADMIN.SUPPLY.THT 	S	*	G	*	USAQT-	QUARTERMASTER (SUPPLY) THEATER
GRDTRK.UNT.CSS.ADMIN.SUPPLY.CRP 	S	*	G	*	USAQC-	QUARTERMASTER (SUPPLY) CORPS
GRDTRK.UNT.CSS.MED 	S	*	G	*	USM---	MEDICAL
GRDTRK.UNT.CSS.MED.THT 	S	*	G	*	USMT--	MEDICAL THEATER
GRDTRK.UNT.CSS.MED.CRP 	S	*	G	*	USMC--	MEDICAL CORPS
GRDTRK.UNT.CSS.MED.MEDTF 	S	*	G	*	USMM--	MEDICAL TREATMENT FACILITY
GRDTRK.UNT.CSS.MED.MEDTF.THT 	S	*	G	*	USMMT-	MEDICAL TREATMENT FACILITY THEATER
GRDTRK.UNT.CSS.MED.MEDTF.CRP 	S	*	G	*	USMMC-	MEDICAL TREATMENT FACILITY CORPS
GRDTRK.UNT.CSS.MED.VNY 	S	*	G	*	USMV--	MEDICAL VETERINARY
GRDTRK.UNT.CSS.MED.VNY.THT 	S	*	G	*	USMVT-	MEDICAL VETERINARY THEATER
GRDTRK.UNT.CSS.MED.VNY.CRP 	S	*	G	*	USMVC-	MEDICAL VETERINARY CORPS
GRDTRK.UNT.CSS.MED.DEN 	S	*	G	*	USMD--	MEDICAL DENTAL
GRDTRK.UNT.CSS.MED.DEN.THT 	S	*	G	*	USMDT-	MEDICAL DENTAL THEATER
GRDTRK.UNT.CSS.MED.DEN.CRP 	S	*	G	*	USMDC-	MEDICAL DENTAL CORPS
GRDTRK.UNT.CSS.MED.PSY 	S	*	G	*	USMP--	MEDICAL PSYCHOLOGICAL
GRDTRK.UNT.CSS.MED.PSY.THT 	S	*	G	*	USMPT-	MEDICAL PSYCHOLOGICAL THEATER
GRDTRK.UNT.CSS.MED.PSY.CRP 	S	*	G	*	USMPC-	MEDICAL PSYCHOLOGICAL CORPS
GRDTRK.UNT.CSS.SLP 	S	*	G	*	USS---	SUPPLY
GRDTRK.UNT.CSS.SLP.THT 	S	*	G	*	USST--	SUPPLY THEATER
GRDTRK.UNT.CSS.SLP.CRP 	S	*	G	*	USSC--	SUPPLY CORPS
GRDTRK.UNT.CSS.SLP.CLS1 	S	*	G	*	USS1--	SUPPLY CLASS I
GRDTRK.UNT.CSS.SLP.CLS1.THT 	S	*	G	*	USS1T-	SUPPLY CLASS I THEATER
GRDTRK.UNT.CSS.SLP.CLS1.CRP 	S	*	G	*	USS1C-	SUPPLY CLASS I CORPS
GRDTRK.UNT.CSS.SLP.CLS2 	S	*	G	*	USS2--	SUPPLY CLASS II
GRDTRK.UNT.CSS.SLP.CLS2.THT 	S	*	G	*	USS2T-	SUPPLY CLASS II THEATER
GRDTRK.UNT.CSS.SLP.CLS2.CRP 	S	*	G	*	USS2C-	SUPPLY CLASS II CORPS
GRDTRK.UNT.CSS.SLP.CLS3 	S	*	G	*	USS3--	SUPPLY CLASS III
GRDTRK.UNT.CSS.SLP.CLS3.THT 	S	*	G	*	USS3T-	SUPPLY CLASS III THEATER
GRDTRK.UNT.CSS.SLP.CLS3.CRP 	S	*	G	*	USS3C-	SUPPLY CLASS III CORPS
GRDTRK.UNT.CSS.SLP.CLS3.AVN 	S	*	G	*	USS3A-	SUPPLY CLASS III AVIATION
GRDTRK.UNT.CSS.SLP.CLS3.AVN.THT 	S	*	G	*	USS3AT	SUPPLY CLASS III AVIATION THEATER
GRDTRK.UNT.CSS.SLP.CLS3.AVN.CRP 	S	*	G	*	USS3AC	SUPPLY CLASS III AVIATION CORPS
GRDTRK.UNT.CSS.SLP.CLS4 	S	*	G	*	USS4--	SUPPLY CLASS IV
GRDTRK.UNT.CSS.SLP.CLS4.THT 	S	*	G	*	USS4T-	SUPPLY CLASS IV THEATER
GRDTRK.UNT.CSS.SLP.CLS4.CRP 	S	*	G	*	USS4C-	SUPPLY CLASS IV CORPS
GRDTRK.UNT.CSS.SLP.CLS5 	S	*	G	*	USS5--	SUPPLY CLASS V
GRDTRK.UNT.CSS.SLP.CLS5.THT 	S	*	G	*	USS5T-	SUPPLY CLASS V THEATER
GRDTRK.UNT.CSS.SLP.CLS5.CRP 	S	*	G	*	USS5C-	SUPPLY CLASS V CORPS
GRDTRK.UNT.CSS.SLP.CLS6 	S	*	G	*	USS6--	SUPPLY CLASS VI
GRDTRK.UNT.CSS.SLP.CLS6.THT 	S	*	G	*	USS6T-	SUPPLY CLASS VI THEATER
GRDTRK.UNT.CSS.SLP.CLS6.CRP 	S	*	G	*	USS6C-	SUPPLY CLASS VI CORPS
GRDTRK.UNT.CSS.SLP.CLS7 	S	*	G	*	USS7--	SUPPLY CLASS VII
GRDTRK.UNT.CSS.SLP.CLS7.THT 	S	*	G	*	USS7T-	SUPPLY CLASS VII THEATER
GRDTRK.UNT.CSS.SLP.CLS7.CRP 	S	*	G	*	USS7C-	SUPPLY CLASS VII CORPS
GRDTRK.UNT.CSS.SLP.CLS8 	S	*	G	*	USS8--	SUPPLY CLASS VIII
GRDTRK.UNT.CSS.SLP.CLS8.THT 	S	*	G	*	USS8T-	SUPPLY CLASS VIII THEATER
GRDTRK.UNT.CSS.SLP.CLS8.CRP 	S	*	G	*	USS8C-	SUPPLY CLASS VIII CORPS
GRDTRK.UNT.CSS.SLP.CLS9 	S	*	G	*	USS9--	SUPPLY CLASS IX
GRDTRK.UNT.CSS.SLP.CLS9.THT 	S	*	G	*	USS9T-	SUPPLY CLASS IX THEATER
GRDTRK.UNT.CSS.SLP.CLS9.CRP 	S	*	G	*	USS9C-	SUPPLY CLASS IX CORPS
GRDTRK.UNT.CSS.SLP.CLS10 	S	*	G	*	USSX--	SUPPLY CLASS X
GRDTRK.UNT.CSS.SLP.CLS10.THT 	S	*	G	*	USSXT-	SUPPLY CLASS X THEATER
GRDTRK.UNT.CSS.SLP.CLS10.CRP 	S	*	G	*	USSXC-	SUPPLY CLASS X CORPS
GRDTRK.UNT.CSS.SLP.LDY 	S	*	G	*	USSL--	SUPPLY LAUNDRY/BATH
GRDTRK.UNT.CSS.SLP.LDY.THT 	S	*	G	*	USSLT-	SUPPLY LAUNDRY/BATH THEATER
GRDTRK.UNT.CSS.SLP.LDY.CRP 	S	*	G	*	USSLC-	SUPPLY LAUNDRY/BATH CORPS
GRDTRK.UNT.CSS.SLP.H2O 	S	*	G	*	USSW--	SUPPLY WATER
GRDTRK.UNT.CSS.SLP.H2O.THT 	S	*	G	*	USSWT-	SUPPLY WATER THEATER
GRDTRK.UNT.CSS.SLP.H2O.CRP 	S	*	G	*	USSWC-	SUPPLY WATER CORPS
GRDTRK.UNT.CSS.SLP.H2O.PUR 	S	*	G	*	USSWP-	SUPPLY WATER PURIFICATION
GRDTRK.UNT.CSS.SLP.H2O.PUR.THT 	S	*	G	*	USSWPT	SUPPLY WATER PURIFICATION THEATER
GRDTRK.UNT.CSS.SLP.H2O.PUR.CRP 	S	*	G	*	USSWPC	SUPPLY WATER PURIFICATION CORPS
GRDTRK.UNT.CSS.TPT 	S	*	G	*	UST---	TRANSPORTATION
GRDTRK.UNT.CSS.TPT.THT 	S	*	G	*	USTT--	TRANSPORTATION THEATER
GRDTRK.UNT.CSS.TPT.CRP 	S	*	G	*	USTC--	TRANSPORTATION CORPS
GRDTRK.UNT.CSS.TPT.MCC 	S	*	G	*	USTM--	MOVEMENT CONTROL CENTER (MCC)
GRDTRK.UNT.CSS.TPT.MCC.THT 	S	*	G	*	USTMT-	MCC THEATER
GRDTRK.UNT.CSS.TPT.MCC.CRP 	S	*	G	*	USTMC-	MCC CORPS
GRDTRK.UNT.CSS.TPT.RHD 	S	*	G	*	USTR--	RAILHEAD
GRDTRK.UNT.CSS.TPT.RHD.THT 	S	*	G	*	USTRT-	RAILHEAD THEATER
GRDTRK.UNT.CSS.TPT.RHD.CRP 	S	*	G	*	USTRC-	RAILHEAD CORPS
GRDTRK.UNT.CSS.TPT.SPOD 	S	*	G	*	USTS--	SPOD/SPOE
GRDTRK.UNT.CSS.TPT.SPOD.THT 	S	*	G	*	USTST-	SPOD/SPOE THEATER
GRDTRK.UNT.CSS.TPT.SPOD.CRP 	S	*	G	*	USTSC-	SPOD/SPOE CORPS
GRDTRK.UNT.CSS.TPT.APOD 	S	*	G	*	USTA--	APOD/APOE
GRDTRK.UNT.CSS.TPT.APOD.THT 	S	*	G	*	USTAT-	APOD/APOE THEATER
GRDTRK.UNT.CSS.TPT.APOD.CRP 	S	*	G	*	USTAC-	APOD/APOE CORPS
GRDTRK.UNT.CSS.TPT.MSL 	S	*	G	*	USTI--	MISSILE
GRDTRK.UNT.CSS.TPT.MSL.THT 	S	*	G	*	USTIT-	MISSILE THEATER
GRDTRK.UNT.CSS.TPT.MSL.CRP 	S	*	G	*	USTIC-	MISSILE CORPS
GRDTRK.UNT.CSS.MAINT 	S	*	G	*	USX---	MAINTENANCE
GRDTRK.UNT.CSS.MAINT.THT 	S	*	G	*	USXT--	MAINTENANCE THEATER
GRDTRK.UNT.CSS.MAINT.CRP 	S	*	G	*	USXC--	MAINTENANCE CORPS
GRDTRK.UNT.CSS.MAINT.HVY 	S	*	G	*	USXH--	MAINTENANCE HEAVY
GRDTRK.UNT.CSS.MAINT.HVY.THT 	S	*	G	*	USXHT-	MAINTENANCE HEAVY THEATER
GRDTRK.UNT.CSS.MAINT.HVY.CRP 	S	*	G	*	USXHC-	MAINTENANCE HEAVY CORPS
GRDTRK.UNT.CSS.MAINT.RCY 	S	*	G	*	USXR--	MAINTENANCE RECOVERY
GRDTRK.UNT.CSS.MAINT.RCY.THT 	S	*	G	*	USXRT-	MAINTENANCE RECOVERY THEATER
GRDTRK.UNT.CSS.MAINT.RCY.CRP 	S	*	G	*	USXRC-	MAINTENANCE RECOVERY CORPS
GRDTRK.UNT.CSS.MAINT.ORD 	S	*	G	*	USXO--	ORDNANCE
GRDTRK.UNT.CSS.MAINT.ORD.THT 	S	*	G	*	USXOT-	ORDNANCE THEATER
GRDTRK.UNT.CSS.MAINT.ORD.CRP 	S	*	G	*	USXOC-	ORDNANCE CORPS
GRDTRK.UNT.CSS.MAINT.ORD.MSL 	S	*	G	*	USXOM-	ORDNANCE MISSILE
GRDTRK.UNT.CSS.MAINT.ORD.MSL.THT 	S	*	G	*	USXOMT	ORDNANCE MISSILE THEATER
GRDTRK.UNT.CSS.MAINT.ORD.MSL.CRP 	S	*	G	*	USXOMC	ORDNANCE MISSILE CORPS
GRDTRK.UNT.CSS.MAINT.EOP 	S	*	G	*	USXE--	ELECTRO-OPTICAL
GRDTRK.UNT.CSS.MAINT.EOP.THT 	S	*	G	*	USXET-	ELECTRO-OPTICAL THEATER
GRDTRK.UNT.CSS.MAINT.EOP.CRP 	S	*	G	*	USXEC-	ELECTRO-OPTICAL CORPS
GRDTRK.UNT.C2HQ 	S	*	G	*	UH----	SPECIAL C2 HEADQUARTERS COMPONENT
GRDTRK.EQT 	S	*	G	*	E-----	GROUND TRACK EQUIPMENT
GRDTRK.EQT.WPN 	S	*	G	*	EW----	WEAPON	N/A
GRDTRK.EQT.WPN.MSLL 	S	*	G	*	EWM---	MISSILE LAUNCHER
GRDTRK.EQT.WPN.MSLL.ADFAD 	S	*	G	*	EWMA--	AIR DEFENSE (AD) MISSILE LAUNCHER
GRDTRK.EQT.WPN.MSLL.ADFAD.SHTR 	S	*	G	*	EWMAS-	SHORT RANGE AD MISSILE LAUNCHER
GRDTRK.EQT.WPN.MSLL.ADFAD.SHTR.TLAR 	S	*	G	*	EWMASR	TRANSPORTER LAUNCHER AND RADAR (TLAR)
GRDTRK.EQT.WPN.MSLL.ADFAD.SHTR.TELAR 	S	*	G	*	EWMASE	TRANSPORTER ERECTOR LAUNCHER AND RADAR (TELAR)
GRDTRK.EQT.WPN.MSLL.ADFAD.INTMR 	S	*	G	*	EWMAI-	INTERMEDIATE RANGE AD MISSILE LAUNCHER
GRDTRK.EQT.WPN.MSLL.ADFAD.INTMR.TLAR 	S	*	G	*	EWMAIRTRANSPORTER LAUNCHER AND RADAR (TLAR)
GRDTRK.EQT.WPN.MSLL.ADFAD.INTMR.TELAR 	S	*	G	*	EWMAIE	TRANSPORTER ERECTOR LAUNCHER AND RADAR (TELAR)
GRDTRK.EQT.WPN.MSLL.ADFAD.LNGR 	S	*	G	*	EWMAL-	LONG RANGE AD MISSILE LAUNCHER
GRDTRK.EQT.WPN.MSLL.ADFAD.LNGR.TLAR 	S	*	G	*	EWMALR	TRANSPORTER LAUNCHER AND RADAR (TLAR)
GRDTRK.EQT.WPN.MSLL.ADFAD.LNGR.TELAR 	S	*	G	*	EWMALE	TRANSPORTER ERECTOR LAUNCHER AND RADAR (TELAR)
GRDTRK.EQT.WPN.MSLL.ADFAD.THT 	S	*	G	*	EWMAT-	AD MISSILE LAUNCHER THEATER
GRDTRK.EQT.WPN.MSLL.ADFAD.THT.TLAR 	S	*	G	*	EWMATR	TRANSPORTER LAUNCHER AND RADAR (TLAR)
GRDTRK.EQT.WPN.MSLL.ADFAD.THT.TELAR 	S	*	G	*	EWMATE	TRANSPORTER ERECTOR LAUNCHER AND RADAR (TELAR)
GRDTRK.EQT.WPN.MSLL.SUF 	S	*	G	*	EWMS--	SURF-SURF (SS) MISSILE LAUNCHER
GRDTRK.EQT.WPN.MSLL.SUF.SHTR 	S	*	G	*	EWMSS-	SHORT RANGE SS MISSILE LAUNCHER
GRDTRK.EQT.WPN.MSLL.SUF.INTMR 	S	*	G	*	EWMSI-	INTERMEDIATE RANGE SS MISSILE LAUNCHER
GRDTRK.EQT.WPN.MSLL.SUF.LNGR 	S	*	G	*	EWMSL-	LONG RANGE SS MISSILE LAUNCHER
GRDTRK.EQT.WPN.MSLL.AT 	S	*	G	*	EWMT--	MISSILE LAUNCHER ANTITANK (AT)
GRDTRK.EQT.WPN.MSLL.AT.LIT 	S	*	G	*	EWMTL-	MISSILE LAUNCHER AT LIGHT
GRDTRK.EQT.WPN.MSLL.AT.MDM 	S	*	G	*	EWMTM-	MISSILE LAUNCHER AT MEDIUM
GRDTRK.EQT.WPN.MSLL.AT.HVY 	S	*	G	*	EWMTH-	MISSILE LAUNCHER AT HEAVY
GRDTRK.EQT.WPN.SRL 	S	*	G	*	EWS---	SINGLE ROCKET LAUNCHER
GRDTRK.EQT.WPN.SRL.LIT 	S	*	G	*	EWSL--	SINGLE ROCKET LAUNCHER LIGHT
GRDTRK.EQT.WPN.SRL.MDM 	S	*	G	*	EWSM--	SINGLE ROCKET LAUNCHER MEDIUM
GRDTRK.EQT.WPN.SRL.HVY 	S	*	G	*	EWSH--	SINGLE ROCKET LAUNCHER HEAVY
GRDTRK.EQT.WPN.MRL 	S	*	G	*	EWX---	MULTIPLE ROCKET LAUNCHER
GRDTRK.EQT.WPN.MRL.LIT 	S	*	G	*	EWXL--	MULTIPLE ROCKET LAUNCHER LIGHT
GRDTRK.EQT.WPN.MRL.MDM 	S	*	G	*	EWXM--	MULTIPLE ROCKET LAUNCHER MEDIUM
GRDTRK.EQT.WPN.MRL.HVY 	S	*	G	*	EWXH--	MULTIPLE ROCKET LAUNCHER HEAVY
GRDTRK.EQT.WPN.ATRL 	S	*	G	*	EWT---	ANTITANK ROCKET LAUNCHER
GRDTRK.EQT.WPN.ATRL.LIT 	S	*	G	*	EWTL--	ANTITANK ROCKET LAUNCHER LIGHT
GRDTRK.EQT.WPN.ATRL.MDM 	S	*	G	*	EWTM--	ANTITANK ROCKET LAUNCHER MEDIUM
GRDTRK.EQT.WPN.ATRL.HVY 	S	*	G	*	EWTH--	ANTITANK ROCKET LAUNCHER HEAVY
GRDTRK.EQT.WPN.RIFWPN 	S	*	G	*	EWR---	RIFLE/AUTOMATIC WEAPON
GRDTRK.EQT.WPN.RIFWPN.RIF 	S	*	G	*	EWRR--	RIFLE
GRDTRK.EQT.WPN.RIFWPN.LMG 	S	*	G	*	EWRL--	LIGHT MACHINE GUN
GRDTRK.EQT.WPN.RIFWPN.HMG 	S	*	G	*	EWRH--	HEAVY MACHINE GUN
GRDTRK.EQT.WPN.GREL 	S	*	G	*	EWZ---	GRENADE LAUNCHER
GRDTRK.EQT.WPN.GREL.LIT 	S	*	G	*	EWZL--	GRENADE LAUNCHER LIGHT
GRDTRK.EQT.WPN.GREL.MDM 	S	*	G	*	EWZM--	GRENADE LAUNCHER MEDIUM
GRDTRK.EQT.WPN.GREL.HVY 	S	*	G	*	EWZH--	GRENADE LAUNCHER HEAVY
GRDTRK.EQT.WPN.MORT 	S	*	G	*	EWO---	MORTAR
GRDTRK.EQT.WPN.MORT.LIT 	S	*	G	*	EWOL--	MORTAR LIGHT
GRDTRK.EQT.WPN.MORT.MDM 	S	*	G	*	EWOM--	MORTAR MEDIUM
GRDTRK.EQT.WPN.MORT.HVY 	S	*	G	*	EWOH--	MORTAR HEAVY
GRDTRK.EQT.WPN.HOW 	S	*	G	*	EWH---	HOWITZER
GRDTRK.EQT.WPN.HOW.LIT 	S	*	G	*	EWHL--	HOWITZER LIGHT
GRDTRK.EQT.WPN.HOW.LIT.SPD 	S	*	G	*	EWHLS-	HOWITZER LIGHT SELF-PROPELLED
GRDTRK.EQT.WPN.HOW.MDM 	S	*	G	*	EWHM--	HOWITZER MEDIUM
GRDTRK.EQT.WPN.HOW.MDM.SPD 	S	*	G	*	EWHMS-	HOWITZER MEDIUM SELF-PROPELLED
GRDTRK.EQT.WPN.HOW.HVY 	S	*	G	*	EWHH--	HOWITZER HEAVY
GRDTRK.EQT.WPN.HOW.HVY.SPD 	S	*	G	*	EWHHS-	HOWITZER HEAVY SELF-PROPELLED
GRDTRK.EQT.WPN.ATG 	S	*	G	*	EWG---	ANTITANK GUN
GRDTRK.EQT.WPN.ATG.LIT 	S	*	G	*	EWGL--	ANTITANK GUN LIGHT
GRDTRK.EQT.WPN.ATG.MDM 	S	*	G	*	EWGM--	ANTITANK GUN MEDIUM
GRDTRK.EQT.WPN.ATG.HVY 	S	*	G	*	EWGH--	ANTITANK GUN HEAVY
GRDTRK.EQT.WPN.ATG.RECL 	S	*	G	*	EWGR--	ANTITANK GUN RECOILLESS
GRDTRK.EQT.WPN.DFG 	S	*	G	*	EWD---	DIRECT FIRE GUN
GRDTRK.EQT.WPN.DFG.LIT 	S	*	G	*	EWDL--	DIRECT FIRE GUN LIGHT
GRDTRK.EQT.WPN.DFG.LIT.SPD 	S	*	G	*	EWDLS-	DIRECT FIRE GUN LIGHT SELF-PROPELLED
GRDTRK.EQT.WPN.DFG.MDM 	S	*	G	*	EWDM--	DIRECT FIRE GUN MEDIUM
GRDTRK.EQT.WPN.DFG.MDM.SPD 	S	*	G	*	EWDMS-	DIRECT FIRE GUN MEDIUM SELF-PROPELLED
GRDTRK.EQT.WPN.DFG.HVY 	S	*	G	*	EWDH--	DIRECT FIRE GUN HEAVY
GRDTRK.EQT.WPN.DFG.HVY.SPD 	S	*	G	*	EWDHS-	DIRECT FIRE GUN HEAVY SELF-PROPELLED
GRDTRK.EQT.WPN.ADFG 	S	*	G	*	EWA---	AIR DEFENSE GUN
GRDTRK.EQT.WPN.ADFG.LIT 	S	*	G	*	EWAL--	AIR DEFENSE GUN LIGHT
GRDTRK.EQT.WPN.ADFG.MDM 	S	*	G	*	EWAM--	AIR DEFENSE GUN MEDIUM
GRDTRK.EQT.WPN.ADFG.HVY 	S	*	G	*	EWAH--	AIR DEFENSE GUN HEAVY
GRDTRK.EQT.GRDVEH 	S	*	G	*	EV----	GROUND VEHICLE
GRDTRK.EQT.GRDVEH.ARMD 	S	*	G	*	EVA---	ARMORED VEHICLE
GRDTRK.EQT.GRDVEH.ARMD.TANK 	S	*	G	*	EVAT--	TANK
GRDTRK.EQT.GRDVEH.ARMD.TANK.LIT 	S	*	G	*	EVATL-	TANK LIGHT
GRDTRK.EQT.GRDVEH.ARMD.TANK.LIT.RCY 	S	*	G	*	EVAT	LR	TANK LIGHT RECOVERY
GRDTRK.EQT.GRDVEH.ARMD.TANK.MDM 	S	*	G	*	EVATM-	TANK MEDIUM
GRDTRK.EQT.GRDVEH.ARMD.TANK.MDM.RCY 	S	*	G	*	EVAT	MR	TANK MEDIUM RECOVERY
GRDTRK.EQT.GRDVEH.ARMD.TANK.HVY 	S	*	G	*	EVATH-	TANK HEAVY
GRDTRK.EQT.GRDVEH.ARMD.TANK.HVY.RCY 	S	*	G	*	EVAT	HR	TANK HEAVY RECOVERY
GRDTRK.EQT.GRDVEH.ARMD.ARMPC 	S	*	G	*	EVAA--	ARMORED PERSONNEL CARRIER
GRDTRK.EQT.GRDVEH.ARMD.ARMPC.RCY 	S	*	G	*	EVAAR-	ARMORED PERSONNEL CARRIER RECOVERY
GRDTRK.EQT.GRDVEH.ARMD.ARMINF 	S	*	G	*	EVAI--	ARMORED INFANTRY
GRDTRK.EQT.GRDVEH.ARMD.C2V 	S	*	G	*	EVAC--	C2V/ACV
GRDTRK.EQT.GRDVEH.ARMD.CSSVEH 	S	*	G	*	EVAS--	COMBAT SERVICE SUPPORT VEHICLE
GRDTRK.EQT.GRDVEH.ARMD.LARMVH 	S	*	G	*	EVAL--	LIGHT ARMORED VEHICLE
GRDTRK.EQT.GRDVEH.UTYVEH 	S	*	G	*	EVU---	UTILITY VEHICLE
GRDTRK.EQT.GRDVEH.UTYVEH.BUS 	S	*	G	*	EVUB--	BUS
GRDTRK.EQT.GRDVEH.UTYVEH.SEMI 	S	*	G	*	EVUS--	SEMI
GRDTRK.EQT.GRDVEH.UTYVEH.SEMI.LIT 	S	*	G	*	EVUSL-	SEMI LIGHT
GRDTRK.EQT.GRDVEH.UTYVEH.SEMI.MDM 	S	*	G	*	EVUSM-	SEMI MEDIUM
GRDTRK.EQT.GRDVEH.UTYVEH.SEMI.HVY 	S	*	G	*	EVUSH-	SEMI HEAVY
GRDTRK.EQT.GRDVEH.UTYVEH.LCCTRK 	S	*	G	*	EVUL--	LIMITED CROSS-COUNTRY TRUCK
GRDTRK.EQT.GRDVEH.UTYVEH.CCTRK 	S	*	G	*	EVUX--	CROSS-COUNTRY TRUCK
GRDTRK.EQT.GRDVEH.UTYVEH.H2OCRT 	S	*	G	*	EVUR--	WATER CRAFT
GRDTRK.EQT.GRDVEH.UTYVEH.TOWTRK 	S	*	G	*	EVUT--	TOW TRUCK
GRDTRK.EQT.GRDVEH.UTYVEH.TOWTRK.LIT 	S	*	G	*	EVUTL-	TOW TRUCK LIGHT
GRDTRK.EQT.GRDVEH.UTYVEH.TOWTRK.HVY 	S	*	G	*	EVUTH-	TOW TRUCK HEAVY
GRDTRK.EQT.GRDVEH.UTYVEH.AMBLNC 	S	*	G	*	EVUA--	AMBULANCE
GRDTRK.EQT.GRDVEH.UTYVEH.AMBLNC.ARMD 	S	*	G	*	EVUAA-	ARMORED AMBULANCE
GRDTRK.EQT.GRDVEH.ENGVEH 	S	*	G	*	EVE---	ENGINEER VEHICLE
GRDTRK.EQT.GRDVEH.ENGVEH.BRG 	S	*	G	*	EVEB--	BRIDGE
GRDTRK.EQT.GRDVEH.ENGVEH.ERHMR 	S	*	G	*	EVEE--	EARTHMOVER
GRDTRK.EQT.GRDVEH.ENGVEH.CSNVEH 	S	*	G	*	EVEC--	CONSTRUCTION VEHICLE
GRDTRK.EQT.GRDVEH.ENGVEH.MLVEH 	S	*	G	*	EVEM--	MINE LAYING VEHICLE
GRDTRK.EQT.GRDVEH.ENGVEH.MLVEH.ARMCV 	S	*	G	*	EVEMV-	ARMORED CARRIER WITH VOLCANO
GRDTRK.EQT.GRDVEH.ENGVEH.MLVEH.TRKMV 	S	*	G	*	EVEML-	TRUCK MOUNTED WITH VOLCANO
GRDTRK.EQT.GRDVEH.ENGVEH.MCVEH 	S	*	G	*	EVEA--	MINE CLEARING VEHICLE
GRDTRK.EQT.GRDVEH.ENGVEH.MCVEH.ARMVM 	S	*	G	*	EVEAA-	ARMORED MOUNTED MINE CLEARING VEHICLE
GRDTRK.EQT.GRDVEH.ENGVEH.MCVEH.TM 	S	*	G	*	EVEAT-	TRAILER MOUNTED MINE CLEARING VEHICLE
GRDTRK.EQT.GRDVEH.ENGVEH.DZR 	S	*	G	*	EVED--	DOZER
GRDTRK.EQT.GRDVEH.ENGVEH.DZR.ARMD 	S	*	G	*	EVEDA-	ARMORED DOZER
GRDTRK.EQT.GRDVEH.ENGVEH.AST 	S	*	G	*	EVES--	ARMORED ASSAULT
GRDTRK.EQT.GRDVEH.ENGVEH.ARMERV 	S	*	G	*	EVER--	ARMORED ENGINEER RECON VEHICLE (AERV)
GRDTRK.EQT.GRDVEH.ENGVEH.BH 	S	*	G	*	EVEH--	BACKHOE
GRDTRK.EQT.GRDVEH.ENGVEH.FRYTSP 	S	*	G	*	EVEF--	FERRY TRANSPORTER
GRDTRK.EQT.GRDVEH.TRNLCO 	S	*	G	*	EVT---	TRAIN LOCOMOTIVE
GRDTRK.EQT.GRDVEH.CVLVEH 	S	*	G	*	EVC---	CIVILIAN VEHICLE
GRDTRK.EQT.GRDVEH.CVLVEH.AUT 	S	*	G	*	EVCA--	AUTOMOBILE
GRDTRK.EQT.GRDVEH.CVLVEH.AUT.CPCT 	S	*	G	*	EVCAL-	COMPACT AUTOMOBILE
GRDTRK.EQT.GRDVEH.CVLVEH.AUT.MDSZ 	S	*	G	*	EVCAM-	MIDSIZE AUTOMOBILE
GRDTRK.EQT.GRDVEH.CVLVEH.AUT.SDN 	S	*	G	*	EVCAH-	SEDAN AUTOMOBILE
GRDTRK.EQT.GRDVEH.CVLVEH.OBTRK 	S	*	G	*	EVCO--	OPEN-BED TRUCK
GRDTRK.EQT.GRDVEH.CVLVEH.OBTRK.PU 	S	*	G	*	EVCOL-	PICKUP OPEN-BED TRUCK
GRDTRK.EQT.GRDVEH.CVLVEH.OBTRK.SMAL 	S	*	G	*	EVCOM-	SMALL OPEN-BED TRUCK
GRDTRK.EQT.GRDVEH.CVLVEH.OBTRK.LRG 	S	*	G	*	EVCOH-	LARGE OPEN-BED TRUCK
GRDTRK.EQT.GRDVEH.CVLVEH.MPV 	S	*	G	*	EVCM--	MULTIPLE PASSENGER VEHICLE
GRDTRK.EQT.GRDVEH.CVLVEH.MPV.VAN 	S	*	G	*	EVCML-	VAN MULTIPLE PASSENGER VEHICLE
GRDTRK.EQT.GRDVEH.CVLVEH.MPV.SBUS 	S	*	G	*	EVCMM-	SMALL BUS MULTIPLE PASSENGER VEHICLE
GRDTRK.EQT.GRDVEH.CVLVEH.MPV.LBUS 	S	*	G	*	EVCMH-	LARGE BUS MULTIPLE PASSENGER VEHICLE
GRDTRK.EQT.GRDVEH.CVLVEH.UTYVEH 	S	*	G	*	EVCU--	UTILITY VEHICLE
GRDTRK.EQT.GRDVEH.CVLVEH.UTYVEH.SUV 	S	*	G	*	EVCUL-	SPORT UTILITY VEHICLE (SUV), UTILITY VEHICLE
GRDTRK.EQT.GRDVEH.CVLVEH.UTYVEH.SBOX 	S	*	G	*	EVCUM-	SMALL BOX TRUCK, UTILITY VEHICLE
GRDTRK.EQT.GRDVEH.CVLVEH.UTYVEH.LBOX 	S	*	G	*	EVCUH-	LARGE BOX TRUCK, UTILITY VEHICLE
GRDTRK.EQT.GRDVEH.CVLVEH.JP 	S	*	G	*	EVCJ--	JEEP TYPE VEHICLE
GRDTRK.EQT.GRDVEH.CVLVEH.JP.SMAL 	S	*	G	*	EVCJL-	SMALL/LIGHT JEEP TYPE VEHICLE
GRDTRK.EQT.GRDVEH.CVLVEH.JP.MDM 	S	*	G	*	EVCJM-	MEDIUM JEEP TYPE VEHICLE
GRDTRK.EQT.GRDVEH.CVLVEH.JP.LRG 	S	*	G	*	EVCJH-	LARGE/HEAVY JEEP TYPE VEHICLE
GRDTRK.EQT.GRDVEH.CVLVEH.TRTRL 	S	*	G	*	EVCT--	TRACTOR TRAILER TRUCK WITH BOX TRAILER
GRDTRK.EQT.GRDVEH.CVLVEH.TRTRL.SMAL 	S	*	G	*	EVCTL-	SMALL/LIGHT BOX TRAILER, TRACTOR TRAILER TRUCK
GRDTRK.EQT.GRDVEH.CVLVEH.TRTRL.MDM 	S	*	G	*	EVCTM-	MEDIUM BOX TRAILER, TRACTOR TRAILER TRUCK
GRDTRK.EQT.GRDVEH.CVLVEH.TRTRL.LRG 	S	*	G	*	EVCTH-	LARGE/HEAVY BOX TRAILER, TRACTOR TRAILER TRUCK
GRDTRK.EQT.GRDVEH.CVLVEH.TRTRLF 	S	*	G	*	EVCF--	TRACTOR TRAILER TRUCK WITH FLATBED TRAILER
GRDTRK.EQT.GRDVEH.CVLVEH.TRTRLF.SMAL 	S	*	G	*	EVCFL-	SMALL/LIGHT FLATBED TRAILER, TRACTOR TRAILER TRUCK
GRDTRK.EQT.GRDVEH.CVLVEH.TRTRLF.MDM 	S	*	G	*	EVCFM-	MEDIUM FLATBED TRAILER, TRACTOR TRAILER TRUCK
GRDTRK.EQT.GRDVEH.CVLVEH.TRTRLF.LRG 	S	*	G	*	EVCFH-	LARGE/HEAVY FLATBED TRAILER, TRACTOR TRAILER TRUCK
GRDTRK.EQT.GRDVEH.PKAN 	S	*	G	*	EVM---	PACK ANIMAL(S)
GRDTRK.EQT.GRDVEH.MSLSPT 	S	*	G	*	EVS---	MISSILE SUPPORT VEHICLE
GRDTRK.EQT.GRDVEH.MSLSPT.TLDR 	S	*	G	*	EVST--	MISSILE SUPPORT VEHICLE TRANSLOADER
GRDTRK.EQT.GRDVEH.MSLSPT.TPTR 	S	*	G	*	EVSR--	MISSILE SUPPORT VEHICLE TRANSPORTER
GRDTRK.EQT.GRDVEH.MSLSPT.CRN 	S	*	G	*	EVSC--	MISSILE SUPPORT VEHICLE CRANE/LOADING DEVICE
GRDTRK.EQT.GRDVEH.MSLSPT.PLNT 	S	*	G	*	EVSP--	MISSILE SUPPORT VEHICLE PROPELLANT TRANSPORTER
GRDTRK.EQT.GRDVEH.MSLSPT.WH 	S	*	G	*	EVSW--	MISSILE SUPPORT VEHICLE WARHEAD TRANSPORTER
GRDTRK.EQT.SNS 	S	*	G	*	ES----	SENSOR
GRDTRK.EQT.SNS.RAD 	S	*	G	*	ESR---	RADAR
GRDTRK.EQT.SNS.EMP 	S	*	G	*	ESE---	EMPLACED SENSOR
GRDTRK.EQT.SPL 	S	*	G	*	EX----	SPECIAL EQUIPMENT	N/A
GRDTRK.EQT.SPL.IED 	S	*	G	*	EXI---	IMPROVISED EXPLOSIVE DEVICE
GRDTRK.EQT.SPL.LSR 	S	*	G	*	EXL---	LASER
GRDTRK.EQT.SPL.CBRNEQ 	S	*	G	*	EXN---	CBRN EQUIPMENT
GRDTRK.EQT.SPL.FLMTHR 	S	*	G	*	EXF---	FLAME THROWER
GRDTRK.EQT.SPL.LNDMNE 	S	*	G	*	EXM---	LAND MINES
GRDTRK.EQT.SPL.LNDMNE.CLM 	S	*	G	*	EXMC--	CLAYMORE
GRDTRK.EQT.SPL.LNDMNE.LTL 	S	*	G	*	EXML--	LESS THAN LETHAL
GRDTRK.INS 	S	*	G	*	I-----	INSTALLATION
GRDTRK.INS.RMP 	S	*	G	*	IR----	RAW MATERIAL PRODUCTION/STORAGE
GRDTRK.INS.RMP.MNE 	S	*	G	*	IRM---	MINE
GRDTRK.INS.RMP.PGO 	S	*	G	*	IRP---	PETROLEUM/GAS/OIL
GRDTRK.INS.RMP.CBRN 	S	*	G	*	IRN---	CBRN
GRDTRK.INS.RMP.CBRN.BIO 	S	*	G	*	IRNB--	BIOLOGICAL
GRDTRK.INS.RMP.CBRN.CML 	S	*	G	*	IRNC--	CHEMICAL
GRDTRK.INS.RMP.CBRN.NUC 	S	*	G	*	IRNN--	NUCLEAR
GRDTRK.INS.PF 	S	*	G	*	IP----	PROCESSING FACILITY
GRDTRK.INS.PF.DECON 	S	*	G	*	IPD---	DECONTAMINATION
GRDTRK.INS.EQTMNF 	S	*	G	*	IE----	EQUIPMENT MANUFACTURE
GRDTRK.INS.SRUF 	S	*	G	*	IU----	SERVICE, RESEARCH, UTILITY FACILITY
GRDTRK.INS.SRUF.TRF 	S	*	G	*	IUR---	TECHNOLOGICAL RESEARCH FACILITY
GRDTRK.INS.SRUF.TCF 	S	*	G	*	IUT---	TELECOMMUNICATIONS FACILITY
GRDTRK.INS.SRUF.EPF 	S	*	G	*	IUE---	ELECTRIC POWER FACILITY
GRDTRK.INS.SRUF.EPF.NPT 	S	*	G	*	IUEN--	NUCLEAR PLANT
GRDTRK.INS.SRUF.EPF.DAM 	S	*	G	*	IUED--	DAM
GRDTRK.INS.SRUF.EPF.FOSF 	S	*	G	*	IUEF--	FOSSIL FUEL
GRDTRK.INS.SRUF.PWS 	S	*	G	*	IUP---	PUBLIC WATER SERVICES
GRDTRK.INS.MMF 	S	*	G	*	IM----	MILITARY MATERIEL FACILITY	N/A
GRDTRK.INS.MMF.NENY 	S	*	G	*	IMF---	NUCLEAR ENERGY
GRDTRK.INS.MMF.NENY.ATMER 	S	*	G	*	IMFA--	ATOMIC ENERGY REACTOR
GRDTRK.INS.MMF.NENY.NMP 	S	*	G	*	IMFP--	NUCLEAR MATERIAL PRODUCTION
GRDTRK.INS.MMF.NENY.NMP.WPNGR 	S	*	G	*	IMFPW-	WEAPONS GRADE
GRDTRK.INS.MMF.NENY.NMS 	S	*	G	*	IMFS--	NUCLEAR MATERIAL STORAGE
GRDTRK.INS.MMF.APA 	S	*	G	*	IMA---	AIRCRAFT PRODUCTION & ASSEMBLY
GRDTRK.INS.MMF.AMEP 	S	*	G	*	IME---	AMMUNITION AND EXPLOSIVES PRODUCTION
GRDTRK.INS.MMF.AMTP 	S	*	G	*	IMG---	ARMAMENT PRODUCTION
GRDTRK.INS.MMF.MILVP 	S	*	G	*	IMV---	MILITARY VEHICLE PRODUCTION
GRDTRK.INS.MMF.ENGEP 	S	*	G	*	IMN---	ENGINEERING EQUIPMENT PRODUCTION
GRDTRK.INS.MMF.ENGEP.BRG 	S	*	G	*	IMNB--	BRIDGE
GRDTRK.INS.MMF.CBWP 	S	*	G	*	IMC---	CHEMICAL & BIOLOGICAL WARFARE PRODUCTION
GRDTRK.INS.MMF.SHPCSN 	S	*	G	*	IMS---	SHIP CONSTRUCTION
GRDTRK.INS.MMF.MSSP 	S	*	G	*	IMM---	MISSILE & SPACE SYSTEM PRODUCTION
GRDTRK.INS.GOVLDR 	S	*	G	*	IG----	GOVERNMENT LEADERSHIP
GRDTRK.INS.MILBF 	S	*	G	*	IB----	MILITARY BASE/FACILITY
GRDTRK.INS.MILBF.AB 	S	*	G	*	IBA---	AIRPORT/AIRBASE
GRDTRK.INS.MILBF.SP 	S	*	G	*	IBN---	SEAPORT/NAVAL BASE
GRDTRK.INS.TSPF 	S	*	G	*	IT----	TRANSPORT FACILITY
GRDTRK.INS.MEDF 	S	*	G	*	IX----	MEDICAL FACILITY
GRDTRK.INS.MEDF.HSP 	S	*	G	*	IXH---	HOSPITAL